<?xml version="1.0" encoding="UTF-8"?>
 
<mule xmlns:tracking="http://www.mulesoft.org/schema/mule/ee/tracking" xmlns:context="http://www.springframework.org/schema/context" xmlns:smtp="http://www.mulesoft.org/schema/mule/smtp" xmlns:vm="http://www.mulesoft.org/schema/mule/vm" xmlns:http="http://www.mulesoft.org/schema/mule/http" xmlns:mulexml="http://www.mulesoft.org/schema/mule/xml" xmlns:dw="http://www.mulesoft.org/schema/mule/ee/dw" xmlns:ws="http://www.mulesoft.org/schema/mule/ws" xmlns:metadata="http://www.mulesoft.org/schema/mule/metadata" xmlns:sfdc="http://www.mulesoft.org/schema/mule/sfdc" xmlns="http://www.mulesoft.org/schema/mule/core" xmlns:doc="http://www.mulesoft.org/schema/mule/documentation"
      xmlns:spring="http://www.springframework.org/schema/beans"
      xmlns:xsi="http://www.w3.org/2001/XMLSchema-instance"
      xsi:schemaLocation="http://www.mulesoft.org/schema/mule/ws http://www.mulesoft.org/schema/mule/ws/current/mule-ws.xsd
http://www.springframework.org/schema/beans http://www.springframework.org/schema/beans/spring-beans-current.xsd
http://www.mulesoft.org/schema/mule/sfdc http://www.mulesoft.org/schema/mule/sfdc/current/mule-sfdc.xsd
http://www.mulesoft.org/schema/mule/core http://www.mulesoft.org/schema/mule/core/current/mule.xsd
http://www.mulesoft.org/schema/mule/ee/dw http://www.mulesoft.org/schema/mule/ee/dw/current/dw.xsd
http://www.mulesoft.org/schema/mule/xml http://www.mulesoft.org/schema/mule/xml/current/mule-xml.xsd
http://www.mulesoft.org/schema/mule/http http://www.mulesoft.org/schema/mule/http/current/mule-http.xsd
http://www.mulesoft.org/schema/mule/vm http://www.mulesoft.org/schema/mule/vm/current/mule-vm.xsd
http://www.mulesoft.org/schema/mule/smtp http://www.mulesoft.org/schema/mule/smtp/current/mule-smtp.xsd
http://www.springframework.org/schema/context http://www.springframework.org/schema/context/spring-context-current.xsd
http://www.mulesoft.org/schema/mule/ee/tracking http://www.mulesoft.org/schema/mule/ee/tracking/current/mule-tracking-ee.xsd">
<spring:beans> <spring:bean class="ethicspointcaseupdation.EthicspointUtils" name="EthicspointUtils"> </spring:bean> </spring:beans>
<http:request-config name="HTTP_Request_Configuration" doc:name="HTTP Request Configuration" enableCookies="true" host="webservices.ethicspointvp.com" port="443" protocol="HTTPS">
    </http:request-config>
    <configuration doc:name="Configuration">
     <expression-language>
     <import class="org.mule.util.StringUtils" />
         <global-functions>
             def getEmployeeBUCode(extId) {
                  if(flowVars.EmployeeBUCode.get(extId) == null)
                  {
                  //Employee #[flowVars.EmployeeBUCode]
                  //System.out.println(extId +"test"+flowVars.EmployeeBUCode);
                 return "";
                 }else{
                 return flowVars.EmployeeBUCode.get(extId);
                 }
             }
            
             def getOrigin(extId) {
                   System.out.println(extId +"test"+flowVars.Origin +flowVars.Origin.get(extId));
                   if(flowVars.Origin.get(extId) == null){
                 return "";
                 }else{
                 return flowVars.Origin.get(extId);
                 }
             }
            
             def getSubTopic(extId) {
                  if(flowVars.SubTopic.get(extId) == null)
                  {
                        //System.out.println(extId +"test"+flowVars.SubTopic);
                 return "";
                 }
                 else{
                 return flowVars.SubTopic.get(extId);
                 }
             }
            
             def getsalutation(extId) {
                  //Employee #[flowVars.salutation]
                 return flowVars.salutation.get(extId)
             }
         </global-functions>
     </expression-language>
     </configuration>
    <sfdc:config name="Salesforce__Basic_Authentication" username="${sfdcintegrationuser}" password="${sfdcpassword}" securityToken="${sfdcsecuritytoken}" url="${sfdcurl}" doc:name="Salesforce: Basic Authentication"/>
    <vm:connector name="VM" validateConnections="true" doc:name="VM">
        <vm:queue-profile>
            <default-in-memory-queue-store/>
        </vm:queue-profile>
    </vm:connector>
    <context:property-placeholder location="${mule.env}.properties"/>
    <flow name="ethicspointcaseupdationFlow" processingStrategy="synchronous">
        <poll doc:name="Poll">
            <fixed-frequency-scheduler frequency="1" timeUnit="HOURS"/>
            <logger message="test" level="INFO" doc:name="Logger"/>
        </poll>
        <dw:transform-message doc:name="Conversion Values">
            <dw:set-variable variableName="salutation"><![CDATA[%dw 1.0
%output application/java
---
{
      "Dr.":"5",
      "Prof.":"5",
      "Ms.":"2",
      "Mr.":"1",
      "Mrs.":"3"
}]]></dw:set-variable>
            <dw:set-variable variableName="EmployeeBUCode"><![CDATA[%dw 1.0
%output application/java
---
{
      "10D":"153",
      "11D":"151",
      "12D":"72",
      "15D":"152",
      "50C":"147"
}]]></dw:set-variable>
            <dw:set-variable variableName="Origin"><![CDATA[%dw 1.0
%output application/java
---
{
      "CO03":"3",
      "CO01":"13",
      "CO09":"13",
      "CO05":"8",
      "CO02":"6",
      "CO08":"13",
      "CO07":"9"
}]]></dw:set-variable>
            <dw:set-variable variableName="SubTopic"><![CDATA[%dw 1.0
%output application/java
---
{
      "ST001":"9",
"ST002":"9",
"ST003":"9",
"ST004":"7",
"ST005":"1",
"ST037":"19",
"ST007":"9",
"ST008":"34",
"ST009":"24",
"ST010":"9",
"ST011":"9",
"ST012":"9",
"ST013":"9",
"ST014":"9",
"ST015":"34",
"ST016":"9",
"ST017":"9",
"ST018":"34",
"ST019":"9",
"ST020":"34",
"ST021":"11",
"ST022":"12",
"ST033":"9",
"ST034":"34",
"ST035":"34",
"ST036":"29",
"ST006":"19"
}]]></dw:set-variable>
        </dw:transform-message>
        <sfdc:query config-ref="Salesforce__Basic_Authentication" query="SELECT Id,Description,CreatedDate,Sub_Topic__c,Origin,Subject,Employee_Business_Unit_Code__c,CaseNumber,Employee__r.Email,Employee__r.External_ID__c,Employee__r.FirstName,Employee__r.MiddleName,Employee__r.LastName,Employee__r.HomePhone FROM Case WHERE ((Severity__c = 'Level 1') AND EthicsPoint_ID__c = null)" doc:name="Query on case object to synch Ethicspoint"/>
        <logger message="#[payload]" level="INFO" doc:name="Logger"/>
        <flow-ref name="privateFlow" doc:name="Flow Reference"/>
        <catch-exception-strategy doc:name="Catch Exception Strategy">
            <set-payload value="#[exception.cause.message]" doc:name="Set Payload"/>
            <logger message="#[payload]" level="INFO" doc:name="Logger"/>
            <smtp:outbound-endpoint host="${smtpHost}" responseTimeout="10000" doc:name="SMTP" from="${smtpFrom}" subject="${smtpSubject}" to="${smtpTo}"  port="${smtpPort}" />
        </catch-exception-strategy>
       <!--  <exception-strategy ref="Catch_Exception_Strategy" doc:name="Reference Exception Strategy"/> -->
 
    </flow>
    <flow name="privateFlow" processingStrategy="synchronous">
        <logger message="payload Info In VM ----------------&gt;#[payload]" level="INFO" doc:name="Logger"/>
        <processor-chain doc:name="Processor Chain">
            <foreach collection="#[payload]" doc:name="Loop every case and call ethics webservice and update ethics id field in sfdc">
                <flow-ref name="callEthicspointwebservicesFlow" doc:name="call ethicspoint url"/>
            </foreach>
            <flow-ref name="CheckErrors_subFlow" doc:name="Send Email if any errors"/>
        </processor-chain>
        <catch-exception-strategy doc:name="Catch Exception Strategy">
            <set-payload value="#[exception.cause.message]" doc:name="Set Payload"/>
            <logger message="#[payload]" level="INFO" doc:name="Logger"/>
            <smtp:outbound-endpoint host="${smtpHost}" responseTimeout="10000" doc:name="SMTP" from="${smtpFrom}"  port="${smtpPort}" subject="${smtpSubject}" to="${smtpTo}" />
        </catch-exception-strategy>
    </flow>
    <sub-flow name="CheckErrors_subFlow">
        <invoke object-ref="EthicspointUtils" method="getResponse" doc:name="Call java class to know if there are any errors"/>
        <expression-filter expression="#[payload != empty]" doc:name="check if errors exists"/>
        <smtp:outbound-endpoint host="${smtpHost}" responseTimeout="10000" doc:name="SMTP" from="${smtpFrom}" subject="${smtpSubject}" to="${smtpTo}"  port="${smtpPort}" />
    </sub-flow>
    <flow name="callEthicspointwebservicesFlow">
        <set-variable variableName="CaseId" value="#[payload.Id]" doc:name="salesforce case id"/>
        <logger message="payload Value:::::::::::::::::::::#[payload]" level="INFO" doc:name="Logger"/>
        <dw:transform-message doc:name="Transform Message" metadata:id="10674324-b240-4a58-8b3e-c0de32da64e4">
            <dw:set-payload><![CDATA[%dw 1.0
%output application/java
---
'<SOAP-ENV:Envelope xmlns:SOAP-ENC="http://schemas.xmlsoap.org/soap/encoding/" xmlns:SOAP-ENV="http://www.w3.org/2003/05/soap-envelope" xmlns:add="http://schemas.ethicspoint.web/2011/11/11/MessageContracts/AddIEMRequest" xmlns:arr="http://schemas.microsoft.com/2003/10/Serialization/Arrays" xmlns:dat="http://schemas.ethicspoint.web/2011/11/11/DataContracts/" xmlns:iem="http://schemas.ethicspoint.web/2011/11/11/MessageContracts/IemCredentialServiceRequest" xmlns:mes="http://schemas.ethicspoint.web/2011/11/11/MessageContracts/">
    <SOAP-ENV:Header xmlns:wsa="http://www.w3.org/2005/08/addressing">
        <wsa:Action>http://schemas.ethicspoint.web/2011/11/11/ServiceContracts/CaseManagement/AddCaseRequest</wsa:Action>
        <wsa:To>https://webservices.ethispointvp.com/2011/11/11/CaseManagement.svc</wsa:To>       
    </SOAP-ENV:Header>
    <SOAP-ENV:Body>
        <mes:AddCaseRequest>
            <add:Case>
                <dat:CaseDetails>' ++ (payload.Description when payload.Description != null otherwise '') ++ '</dat:CaseDetails>
                <dat:CaseTypeId>1</dat:CaseTypeId>
                <dat:DateOpened>' ++ payload.CreatedDate as :datetime ++ '</dat:DateOpened>
                <dat:DateReported>' ++ payload.CreatedDate as :datetime ++ '</dat:DateReported>
                <dat:PrimaryIssueTypeId>' ++ (getSubTopic(payload.Sub_Topic__c) when getSubTopic(payload.Sub_Topic__c) != null otherwise '') ++ '</dat:PrimaryIssueTypeId>
                <dat:ReporterNameFirst>' ++ (payload.Employee__r.FirstName when payload.Employee__r.FirstName != null otherwise '') ++ '</dat:ReporterNameFirst>
                <dat:ReporterNameLast>' ++ (payload.Employee__r.LastName when payload.Employee__r.LastName != null otherwise '') ++ '</dat:ReporterNameLast>
                <dat:SourceId>' ++ (getOrigin(payload.Origin) when getOrigin(payload.Origin)  != null otherwise '') ++ '</dat:SourceId>
                <dat:StatusId>1</dat:StatusId>
                <dat:Summary>' ++ (payload.Subject when payload.Subject != null otherwise '') ++ '</dat:Summary>
                <dat:TierId>' ++ (getEmployeeBUCode(payload.Employee_Business_Unit_Code__c) when getEmployeeBUCode(payload.Employee_Business_Unit_Code__c) != null otherwise '') ++ '</dat:TierId>
                <dat:CustomFields>
                    <dat:CustomFieldDataAddChild>
                        <dat:ClientAssignedKey>PeopleSoftHelpDeskNumber</dat:ClientAssignedKey>
                        <dat:ElementValue>' ++ 'C-' ++ (payload.CaseNumber when payload.CaseNumber != null otherwise '') ++ '</dat:ElementValue>
                    </dat:CustomFieldDataAddChild>
                </dat:CustomFields>
                <dat:Participants>
                    <dat:CaseParticipantAddChild>
                        <dat:Email>' ++ (payload.Employee__r.Email when payload.Employee__r.Email != null otherwise '') ++ '</dat:Email>
                        <dat:HRID>' ++ (payload.Employee__r.External_ID__c when payload.Employee__r.External_ID__c != null otherwise '') ++ '</dat:HRID>
                        <dat:NameFirst>' ++ (payload.Employee__r.FirstName when payload.Employee__r.FirstName != null otherwise '') ++ '</dat:NameFirst>
                        <dat:NameLast>' ++ (payload.Employee__r.LastName when payload.Employee__r.LastName != null otherwise '') ++ '</dat:NameLast>
						<dat:NameMiddle>' ++ (payload.Employee__r.MiddleName when payload.Employee__r.MiddleName != null otherwise '') ++ '</dat:NameMiddle>
                        <dat:PhoneNumber>' ++ (payload.Employee__r.HomePhone when payload.Employee__r.HomePhone != null otherwise '')  ++ '</dat:PhoneNumber>
                        <dat:RelationshipId>5</dat:RelationshipId>
                        <dat:RoleId>12</dat:RoleId>
                    </dat:CaseParticipantAddChild>
                </dat:Participants>
            </add:Case>
            <iem:IemCredential>
                <dat:Password>mckessonep1</dat:Password>
                <dat:UserName>mckesson</dat:UserName>
            </iem:IemCredential>
        </mes:AddCaseRequest>
    </SOAP-ENV:Body>
</SOAP-ENV:Envelope>']]></dw:set-payload>
        </dw:transform-message>
        <logger message="#[payload]" level="INFO" doc:name="Logger"/>
        <message-properties-transformer doc:name="Set Headers for SOAP Call">
            <add-message-property key="Authorization" value="${ethicsbaseauth}"/>
            <add-message-property key="Content-Type" value="application/soap+xml"/>
        </message-properties-transformer>
        <http:request config-ref="HTTP_Request_Configuration" path="2011/11/11/CaseManagement.svc" method="POST" doc:name="HTTP"/>
        <object-to-string-transformer mimeType="application/xml" doc:name="Convert DOM to String"/>
        <dw:transform-message doc:name="Transform Message">
            <dw:set-variable variableName="responseCaseId"><![CDATA[%dw 1.0
%output application/java
---
payload.Envelope.Body.AddCaseResponse.NewCaseId]]></dw:set-variable>
        </dw:transform-message>
        <dw:transform-message doc:name="Transform Message">
            <dw:set-payload><![CDATA[%dw 1.0
%output application/java
---
[{
      Id: flowVars.CaseId,
      EthicsPoint_ID__c: flowVars.responseCaseId
}]]]></dw:set-payload>
        </dw:transform-message>
        <sfdc:update config-ref="Salesforce__Basic_Authentication" type="Case" doc:name="Update Salesforce Case Ethicspoint Id">
            <sfdc:objects ref="#[payload]"/>
        </sfdc:update>
        <catch-exception-strategy doc:name="Catch Exception Strategy">
            <invoke object-ref="EthicspointUtils" method="processErrors" methodArguments="#[payload]" doc:name="Call Java Class to add error"/>
        </catch-exception-strategy>
    </flow>
 
</mule>
