<?xml version="1.0" encoding="UTF-8"?>

<mule xmlns:json="http://www.mulesoft.org/schema/mule/json"
	xmlns:smtp="http://www.mulesoft.org/schema/mule/smtp"
	xmlns="http://www.mulesoft.org/schema/mule/core" xmlns:doc="http://www.mulesoft.org/schema/mule/documentation"
	xmlns:spring="http://www.springframework.org/schema/beans" 
	xmlns:xsi="http://www.w3.org/2001/XMLSchema-instance"
	xsi:schemaLocation="http://www.mulesoft.org/schema/mule/json http://www.mulesoft.org/schema/mule/json/current/mule-json.xsd
http://www.mulesoft.org/schema/mule/smtp http://www.mulesoft.org/schema/mule/smtp/current/mule-smtp.xsd
http://www.springframework.org/schema/beans http://www.springframework.org/schema/beans/spring-beans-current.xsd
http://www.mulesoft.org/schema/mule/core http://www.mulesoft.org/schema/mule/core/current/mule.xsd">    

	<!-- In this file you should declare all your Exception Strategies and Choice Exception Strategies in order to have a centralized control over the application error handling -->

    <choice-exception-strategy name="ChoiceExceptionStrategy">
        <catch-exception-strategy  doc:name="Catch Exception Strategy">
            <logger level="INFO" doc:name="Logger"/>
            <set-payload value=" {  &quot;Source Data Input:&quot; #[payload] ,    &quot;errorMessage&quot; : #[exception.cause.message]  } " doc:name="Set Payload"/>
            <logger message="AFTER ERROR: #[payload]" level="INFO" doc:name="Logger"/>
            <smtp:outbound-endpoint host="${smtpHost}" to="${smtpTo}" from="${smtpFrom}" subject="${smtpSubject}" responseTimeout="10000" doc:name="SMTP"  port="${smtpPort}" />
             
<!--              <smtp:outbound-endpoint host="${smtp.host}" port="${smtp.port}" user="${smtp.user}" password="${smtp.password}" to="${mail.to}" from="${mail.from}" subject="${mail.subject}" responseTimeout="10000" connector-ref="gmailConnector" doc:name="Send result of the batch in mail"/> -->
        </catch-exception-strategy>
    </choice-exception-strategy>
</mule>