<?xml version="1.0" encoding="UTF-8"?>

<mule xmlns:ftp="http://www.mulesoft.org/schema/mule/ee/ftp" xmlns:file="http://www.mulesoft.org/schema/mule/file" xmlns:sftp="http://www.mulesoft.org/schema/mule/sftp"
	xmlns:context="http://www.springframework.org/schema/context"
	xmlns:apikit="http://www.mulesoft.org/schema/mule/apikit" xmlns:smtp="http://www.mulesoft.org/schema/mule/smtp"
	xmlns:synchronize="http://www.mulesoft.org/schema/mule/synchronize"
	xmlns:tracking="http://www.mulesoft.org/schema/mule/ee/tracking"
	xmlns:metadata="http://www.mulesoft.org/schema/mule/metadata" xmlns:dw="http://www.mulesoft.org/schema/mule/ee/dw"
	xmlns:batch="http://www.mulesoft.org/schema/mule/batch" xmlns:sfdc="http://www.mulesoft.org/schema/mule/sfdc"
	xmlns="http://www.mulesoft.org/schema/mule/core" xmlns:doc="http://www.mulesoft.org/schema/mule/documentation"
	xmlns:spring="http://www.springframework.org/schema/beans" xmlns:xsi="http://www.w3.org/2001/XMLSchema-instance"

	xsi:schemaLocation="http://www.mulesoft.org/schema/mule/synchronize http://www.mulesoft.org/schema/mule/synchronize/current/mule-synchronize.xsd
http://www.springframework.org/schema/beans http://www.springframework.org/schema/beans/spring-beans-current.xsd
http://www.mulesoft.org/schema/mule/core http://www.mulesoft.org/schema/mule/core/current/mule.xsd
http://www.mulesoft.org/schema/mule/file http://www.mulesoft.org/schema/mule/file/current/mule-file.xsd
http://www.mulesoft.org/schema/mule/ee/dw http://www.mulesoft.org/schema/mule/ee/dw/current/dw.xsd
http://www.mulesoft.org/schema/mule/sfdc http://www.mulesoft.org/schema/mule/sfdc/current/mule-sfdc.xsd
http://www.mulesoft.org/schema/mule/batch http://www.mulesoft.org/schema/mule/batch/current/mule-batch.xsd
http://www.mulesoft.org/schema/mule/ee/tracking http://www.mulesoft.org/schema/mule/ee/tracking/current/mule-tracking-ee.xsd
http://www.mulesoft.org/schema/mule/smtp http://www.mulesoft.org/schema/mule/smtp/current/mule-smtp.xsd
http://www.mulesoft.org/schema/mule/apikit http://www.mulesoft.org/schema/mule/apikit/current/mule-apikit.xsd
http://www.springframework.org/schema/context http://www.springframework.org/schema/context/spring-context-current.xsd
http://www.mulesoft.org/schema/mule/sftp http://www.mulesoft.org/schema/mule/sftp/current/mule-sftp.xsd
http://www.mulesoft.org/schema/mule/ee/ftp http://www.mulesoft.org/schema/mule/ee/ftp/current/mule-ftp-ee.xsd">
	<spring:beans>
		<spring:bean class="peoplesoftintegration.PeopleSoftIntgUtils"
			name="PeopleSoftIntgUtils" id="Bean1">
		</spring:bean>
	</spring:beans>
	
	<configuration doc:name="Configuration">
		<expression-language>
			<import class="org.mule.util.StringUtils" />
			<global-functions>
				def getSFDCUserId(extId) {
					if(flowVars.listofMapExtIdtoSfdcId.get(extId) != null)
						return flowVars.listofMapExtIdtoSfdcId.get(extId);
				}
				
				def addNullFields(empNo,fieldName){
					peoplesoftintegration.PeopleSoftIntgUtils.addNullFieldtoArray(empNo,fieldName);
					return null;
				}
				
				def getNullFileds(empNo){
					return peoplesoftintegration.PeopleSoftIntgUtils.getnullFileds(empNo);
				}

				def validateEmail(evalue,altValue,propValue)
				{
					if(evalue == "")
					{
						if(altValue =="")
						{
							return propValue;
						}
						return altValue;
					}
					return evalue;
				}

				def getAccountId(empNo) {
					if(empNo ==".0")
					{
						empNo ="0.0";
					}
					return flowVars.lstAccount.get(empNo);
				}


				def subString(fieldValue,sIndex,eIndex){
					return org.mule.util.StringUtils.substring(fieldValue,sIndex,eIndex);
				}

				def parseDate(dateValue)
				{
				//System.out.println("Date Value:::::::::::"+peoplesoftintegration.PeopleSoftIntgUtils.parseDate(dateValue));
				return peoplesoftintegration.PeopleSoftIntgUtils.parseDate(dateValue);
				//return new org.mule.el.datetime.DateTime(dateValue,'dd-MMM-yy');
				//return date.format('yyyy-MM-dd');
				}

				def convertToString(data){
				if(data != null)
				{
				System.out.println(data[0].statusCode +"--------"+ data[0].message );
				return data[0].statusCode +"--------"+ data[0].message;
				}else{
				return null;
				}
				}
			</global-functions>
		</expression-language>
	</configuration>
	<sfdc:config name="Salesforce__Basic_Authentication"
		username="${sfdcintegrationuser}" password="${sfdcpassword}"
		securityToken="${sfdcsecuritytoken}" url="${sfdcurl}"
		doc:name="Salesforce: Basic Authentication"
		disableSessionInvalidation="true" clearNullFields="true"/>
	<spring:beans>
		<spring:bean id="Bean" name="Bean"
			class="peoplesoftintegration.PeopleSoftIntgUtils" />
	</spring:beans>
	<context:property-placeholder location="${mule.env}.properties" />
	<sftp:connector name="SFTP" 
		validateConnections="true"  doc:name="SFTP" pollingFrequency="360000" duplicateHandling="overwrite"/>
    <file:connector name="File" autoDelete="false" streaming="true" validateConnections="true" doc:name="File"/>
	<flow name="peoplesoftFlow" processingStrategy="synchronous">
        <sftp:inbound-endpoint host="${ftpHost}" port="${ftpPort}" responseTimeout="360000" doc:name="SFTP" connector-ref="SFTP" password="${ftpPassword}" path="${ftpPath}" user="${ftpUserName}" mimeType="application/csv" pollingFrequency="3600000"/>
        <byte-array-to-object-transformer encoding="ISO-8859-1" doc:name="Byte Array to Object"/>
        <dw:transform-message doc:name="Convert File to Hashmap">
            <dw:set-payload><![CDATA[%dw 1.0
%output application/java
--- 
payload]]></dw:set-payload>
        </dw:transform-message>
        <invoke object-ref="PeopleSoftIntgUtils" method="readRawData" methodArguments="#[payload]" doc:name="store payload in a varaible"/>
        <enricher doc:name="Message Enricher">
            <sfdc:query config-ref="Salesforce__Basic_Authentication" query="dsql:SELECT Id,Name FROM Profile WHERE Name = 'Employee'" fetchSize="1" doc:name="Profile Info"/>
            <enrich source="#[payload]" target="#[flowVars.SFDCProfileData]"/>
        </enricher>
        <set-variable variableName="SFDCProfileData" value="#[org.apache.commons.collections.IteratorUtils.toList(SFDCProfileData)]" doc:name="Variable"/>
        <enricher doc:name="Message Enricher">
            <sfdc:query config-ref="Salesforce__Basic_Authentication" query="dsql:Select Id,Number__c from Account Where Number__c &lt;&gt; null" doc:name="Query Account Records"/>
            <enrich source="#[payload]" target="#[flowVars.lstAccount]"/>
        </enricher>
        <dw:transform-message doc:name="SFDC Account Map Number Id">
            <dw:set-variable variableName="lstAccount"><![CDATA[%dw 1.0
%output application/java
---
 {(flowVars.lstAccount map ((payload01 , indexOfPayload01) -> 
	{(payload01.Number__c as :number {format: "#"}) : payload01.Id}))}]]></dw:set-variable>
        </dw:transform-message>
        <batch:execute name="userUpsert-batch" doc:name="userUpsert-batch"/>
		<exception-strategy ref="ChoiceExceptionStrategy"
			doc:name="Reference Exception Strategy" />
	</flow>
	<batch:job name="userUpsert-batch" block-size="200" job-instance-id="#['PS2SFDC UpsertUser Job ' + server.dateTime.format('dd/MM/yy hh:mm:ss') + '.' ]" max-failed-records="-1">
		<batch:input>
            <remove-variable variableName="rootMessage" doc:name="remove rootMessage"/>
            <logger message="Upsert User Started" level="INFO" doc:name="Logger"/>
            <dw:transform-message doc:name="Transform payload to User object">
                <dw:set-payload><![CDATA[%dw 1.0
%output application/java
---
payload map ((payload01 , indexOfPayload01) -> {
	Username: payload01."eID" ++ p('usernamesuffix'),
	LastName: payload01."LASTNAME",
	FirstName: payload01."FIRSTNAME",
	MiddleName: payload01."MIDDLENAME",
	Suffix: payload01."SUFFIX",
	CompanyName: payload01."COMPANY_DESCR",
	Email: (validateEmail(payload01."WORK_EMAIL",payload01."HOME_EMAIL",p('defaultEmail')) ++ p('workEmailsuffix')),
	//Email: (validateEmail(payload01."WORK_EMAIL") ++ p('workEmailsuffix')),
	Alias: subString(payload01."LASTNAME",0,6) ++ subString(payload01."FIRSTNAME",0,1) ++ subString(payload01."MIDDLENAME",0,1),
	CommunityNickname: ((payload01."FIRSTNAME" ++ "." ++ payload01."LASTNAME" ++ "." ++ payload01."eID") when (sizeOf (payload01."FIRSTNAME" ++ "." ++ payload01."LASTNAME" ++ "." ++ payload01."eID")) < 40 otherwise (payload01."FIRSTNAME" ++ "." ++ payload01."LASTNAME" ++ "." ++ payload01."eID")[0..39]),
	IsActive: payload01."isActive" as :boolean,
	TimeZoneSidKey: "America/Los_Angeles",
	LocaleSidKey: "en_US",
	ProfileId: flowVars.SFDCProfileData[0].Id, 
	LanguageLocaleKey: "en_US",
	EmailEncodingKey:"UTF-8",
	EmployeeNumber: payload01."EMPLOYEE NUMBER",
	FederationIdentifier: payload01."eID",
	External_ID__c: payload01."EMPLOYEE NUMBER" ,
	Company_Code__c: payload01."COMPANY",
	//EmailPreferencesAutoBcc:false as :boolean,
	EMAILPREFERENCESAUTOBCCSTAYINTOUCH:false as :boolean,
	//EMAILPREFERENCESSTAYINTOUCHREMINDER:false as :boolean,
	RECEIVESINFOEMAILS:false as :boolean,
	RECEIVESADMININFOEMAILS:false as :boolean,
	USERPREFERENCESDISABLEALLFEEDSEMAIL:true as :boolean,
	USERPREFERENCESDISABLEFOLLOWERSEMAIL:true as :boolean,
	USERPREFERENCESDISABLEPROFILEPOSTEMAIL:true as :boolean,
	USERPREFERENCESDISABLECHANGECOMMENTEMAIL:true as :boolean,
	USERPREFERENCESDISABLELATERCOMMENTEMAIL:true as :boolean,
	USERPREFERENCESDISPROFPOSTCOMMENTEMAIL:true as :boolean,
	USERPREFERENCESDISABLEMENTIONSPOSTEMAIL:true as :boolean,
	USERPREFERENCESDISMENTIONSCOMMENTEMAIL:true as :boolean,
	USERPREFERENCESDISCOMMENTAFTERLIKEEMAIL:true as :boolean,
	USERPREFERENCESDISABLELIKEEMAIL:true as :boolean,
	USERPREFERENCESDISABLEMESSAGEEMAIL:true as :boolean,
	USERPREFERENCESDISABLEBOOKMARKEMAIL:true as :boolean,
	USERPREFERENCESDISABLESHAREPOSTEMAIL:true as :boolean,
	USERPREFERENCESDISABLEENDORSEMENTEMAIL:true as :boolean,
	USERPREFERENCESLIGHTNINGEXPERIENCEPREFERRED:true as :boolean,
	USERPREFERENCESHIDESFXWELCOMEMAT:true as :boolean,
	USERPREFERENCESHIDECHATTERONBOARDINGSPLASH:true as :boolean,
	USERPREFERENCESHIDESECONDCHATTERONBOARDINGSPLASH:true as :boolean,
	USERPERMISSIONSKNOWLEDGEUSER:false as :boolean,
    USERPERMISSIONSSUPPORTUSER:false as :boolean,
	DefaultGroupNotificationFrequency:"N",
	DigestFrequency:"N"
})]]></dw:set-payload>
            </dw:transform-message>
		</batch:input>
		<batch:process-records>
			<batch:step name="Batch_Step" accept-policy="ALL">
				<batch:commit size="200" doc:name="Batch Commit">
                    <enricher doc:name="Message Enricher">
                        <sfdc:upsert config-ref="Salesforce__Basic_Authentication" externalIdFieldName="External_ID__c" type="User" doc:name="Upsert User">
                            <sfdc:objects ref="#[payload]"/>
                        </sfdc:upsert>
                        <enrich source="#[payload]" target="#[flowVars.upsertResponse]"/>
                    </enricher>

                    <invoke object-ref="PeopleSoftIntgUtils" method="processErrors" methodArguments="#[flowVars.upsertResponse],#[payload]" doc:name="check if any errors"/>
				</batch:commit>
			</batch:step>
		</batch:process-records>
		<batch:on-complete>
			<logger
				message="-----&gt;&gt;&gt;&gt;&gt;&gt;&gt;&gt;&gt;&gt;Upsert User Batch Completed ------------"
				level="INFO" doc:name="Logger" />
            <flow-ref name="updateUser_SubFlow" doc:name="Flow Reference"/>

		</batch:on-complete>
	</batch:job>
    <sub-flow name="updateUser_SubFlow">
        <invoke object-ref="PeopleSoftIntgUtils" method="getRawData" doc:name="read variable and assign to payload"/>
        <batch:execute name="updateUser-Batch" doc:name="Update User Batch"/>
    </sub-flow>
    <sub-flow name="upsertContact_SubFlow">
        <invoke object-ref="PeopleSoftIntgUtils" method="getRawData" doc:name="read variable and assign to payload"/>
        <scatter-gather doc:name="Scatter-Gather">
            <processor-chain>
                <dw:transform-message doc:name="Convert payload to file" metadata:id="3e80b135-e241-4ff3-a020-7c6b1a45f328">
                    <dw:input-payload doc:sample="sample_data\list_string.dwl" mimeType="application/java"/>
                    <dw:set-payload><![CDATA[%dw 1.0
%output application/csv
---
payload map ((payload01 , indexOfPayload01) -> {
	eID: payload01.eID,
	"EMPLOYEE NUMBER": payload01."EMPLOYEE NUMBER",
	LASTNAME: payload01.LASTNAME,
	FIRSTNAME: payload01.FIRSTNAME,
	MIDDLENAME: payload01.MIDDLENAME,
	PREF_FIRSTNAME: payload01.PREF_FIRSTNAME,
	SUFFIX: payload01.SUFFIX,
	"ADDRESS 1": payload01."ADDRESS 1",
	CITY: payload01.CITY,
	STATE: payload01.STATE,
	POSTAL: payload01.POSTAL,
	COUNTRY: payload01.COUNTRY,
	WORK_EMAIL: payload01.WORK_EMAIL,
	HOME_EMAIL: payload01.HOME_EMAIL,
	WORK_PHONE: payload01.WORK_PHONE,
	HOME_PHONE: payload01.HOME_PHONE,
	CELL_PHONE: payload01.CELL_PHONE,
	BUSINESS_UNIT_CD: payload01.BUSINESS_UNIT_CD,
	BUSINESS_UNIT_DESCR: payload01.BUSINESS_UNIT_DESCR,
	COMPANY: payload01.COMPANY,
	COMPANY_DESCR: payload01.COMPANY_DESCR,
	PAYGROUP: payload01.PAYGROUP,
	PAYGROUP_DESCR: payload01.PAYGROUP_DESCR,
	LOCATION: payload01.LOCATION,
	LOCATION_DESCR: payload01.LOCATION_DESCR,
	DEPTID: payload01.DEPTID,
	DEPTID_DESCR: payload01.DEPTID_DESCR,
	MANAGER_ID: payload01.MANAGER_ID,
	MANAGER_NAME: payload01.MANAGER_NAME,
	JOBCODE: payload01.JOBCODE,
	JOBCODE_DESCR: payload01.JOBCODE_DESCR,
	EMPL_STATUS: payload01.EMPL_STATUS,
	REG_TEMP: payload01.REG_TEMP,
	FULL_PART_TIME: payload01.FULL_PART_TIME,
	STD_HOURS: payload01.STD_HOURS,
	ACCT_CD: payload01.ACCT_CD,
	GRADE: payload01.GRADE,
	UNION_CD: payload01.UNION_CD,
	ORIG_HIRE_DT: payload01.ORIG_HIRE_DT,
	REHIRE_DT: payload01.REHIRE_DT,
	SERVICE_DT: payload01.SERVICE_DT,
	TERMINATION_DT: payload01.TERMINATION_DT,
	BUSINESS_TITILE: payload01.BUSINESS_TITILE,
	SEGMENT_1: payload01.SEGMENT_1,
	SEGMENT_2: payload01.SEGMENT_2,
	ACQR_CO_ID: payload01.ACQR_CO_ID,
	REG_REGION: payload01.REG_REGION,
	isActive: payload01.isActive,
	"ERROR": payload01.ERROR
})]]></dw:set-payload>
                </dw:transform-message>
                <sftp:outbound-endpoint exchange-pattern="one-way" connector-ref="SFTP" outputPattern="#[message.inboundProperties.originalFilename]" host="${ftpHost}" port="${ftpPort}" path="${file.archive.path}" user="${ftpUserName}" password="${ftpPassword}" responseTimeout="10000" doc:name="SFTP"/>
            </processor-chain>
            <batch:execute name="upsertContact-Batch" doc:name="UpsertContact Batch"/>
        </scatter-gather>
    </sub-flow>

	<batch:job name="updateUser-Batch" job-instance-id="#['PS2SFDC UpdateUser Job ' + server.dateTime.format('dd/MM/yy hh:mm:ss') + '.' ]" max-failed-records="-1" block-size="200">
		<batch:threading-profile poolExhaustedAction="WAIT" />
		<batch:input>
            <remove-variable variableName="rootMessage" doc:name="Variable"/>

		</batch:input>
		<batch:process-records>
			<batch:step name="Batch_Step1" accept-policy="ALL">
				<batch:commit size="200" doc:name="Batch Commit">
                    <enricher doc:name="Read MangerIds from csv">
                        <dw:transform-message doc:name="Read Manger Id">
                            <dw:set-payload><![CDATA[%dw 1.0
%output application/java
---
payload.MANAGER_ID	joinBy "','"]]></dw:set-payload>
                        </dw:transform-message>
                        <enrich source="#[payload]" target="#[flowVars.managerIds]"/>
                    </enricher>
                    <enricher doc:name="Message Enricher">
                        <sfdc:query config-ref="Salesforce__Basic_Authentication" query="SELECT External_ID__c,Id FROM User WHERE External_ID__c IN ('#[flowVars.managerIds]')" doc:name="Query Salesforce for ids from managerIDs"/>
                        <enrich source="#[payload]" target="#[flowVars.listofMapExtIdtoSfdcId]"/>
                    </enricher>
                    <dw:transform-message doc:name="Map External Id and userid" metadata:id="dff9013c-df18-49b3-9db2-2c88da50b4d0">
                        <dw:set-variable variableName="listofMapExtIdtoSfdcId"><![CDATA[%dw 1.0
%output application/java
---
{(flowVars.listofMapExtIdtoSfdcId map ((payload01 , indexOfPayload01) -> 
	{(payload01.External_ID__c) : payload01.Id}))}]]></dw:set-variable>
                    </dw:transform-message>
                    <dw:transform-message doc:name="update User Transform" metadata:id="c6e92a2a-c262-4059-879e-31f9a6951675">
                        <dw:set-payload><![CDATA[%dw 1.0
%output application/java
---
payload map ((payload01 , indexOfPayload01) -> {
	ManagerId: getSFDCUserId(payload01."MANAGER_ID"),
	External_ID__c: payload01."EMPLOYEE NUMBER"
})]]></dw:set-payload>
                    </dw:transform-message>
					<enricher doc:name="Salesforce Upsert ManagerIds">
						<sfdc:upsert config-ref="Salesforce__Basic_Authentication"
							externalIdFieldName="External_ID__c" type="User"
							doc:name="Update User Manager id">
							<sfdc:objects ref="#[payload]" />
						</sfdc:upsert>
						<enrich source="#[payload]" target="#[flowVars.upsertResponse]" />
					</enricher>
					<invoke object-ref="PeopleSoftIntgUtils" method="processupdateErrors"
						methodArguments="#[flowVars.upsertResponse],#[payload]" doc:name="check if any errors on update" />


				</batch:commit>
			</batch:step>
		</batch:process-records>
        <batch:on-complete>
            <flow-ref name="upsertContact_SubFlow" doc:name="Flow Reference"/>
        </batch:on-complete>


	</batch:job>

	<batch:job name="upsertContact-Batch" job-instance-id="#['PS2SFDC UpsertContact Job ' + server.dateTime.format('dd/MM/yy hh:mm:ss') + '.' ]" block-size="200" max-failed-records="-1">
        <batch:threading-profile  poolExhaustedAction="WAIT"/>
		<batch:input>
            <remove-variable variableName="rootMessage" doc:name="Variable"/>

		</batch:input>
		<batch:process-records>
			<batch:step name="Batch_Step2" accept-policy="ALL">
				<batch:commit size="200" doc:name="Batch Commit">
                    <enricher doc:name="Read EmployeeNos from csv">
                        <dw:transform-message doc:name="Read Employee Number">
                            <dw:set-payload><![CDATA[%dw 1.0
%output application/java
---
payload."EMPLOYEE NUMBER"	joinBy "','"]]></dw:set-payload>
                        </dw:transform-message>
                        <enrich source="#[payload]" target="#[flowVars.employeeNos]"/>
                    </enricher>
                    <enricher doc:name="Message Enricher">
                        <sfdc:query config-ref="Salesforce__Basic_Authentication" query="SELECT External_ID__c,Id FROM User WHERE External_ID__c IN ('#[flowVars.employeeNos]')" doc:name="Query Salesforce for ids from EmployeeNos"/>
                        <enrich source="#[payload]" target="#[flowVars.listofMapExtIdtoSfdcId]"/>
                    </enricher>
                    <dw:transform-message doc:name="Map Employee No and UsedId" metadata:id="dff9013c-df18-49b3-9db2-2c88da50b4d0">
                        <dw:set-variable variableName="listofMapExtIdtoSfdcId"><![CDATA[%dw 1.0
%output application/java
---
{(flowVars.listofMapExtIdtoSfdcId map ((payload01 , indexOfPayload01) -> 
	{(payload01.External_ID__c) : payload01.Id}))}]]></dw:set-variable>
                    </dw:transform-message>
                    <dw:transform-message doc:name="Contact Upsert Data Format" metadata:id="cc8d7ac1-3455-44de-bc08-1cefa1e15ce6">
                        <dw:set-payload><![CDATA[%dw 1.0
%output application/java
---
payload map ((payload01 , indexOfPayload01) -> {
	Home_Email__c: (payload01."HOME_EMAIL" ++ p('workEmailsuffix') when payload01."HOME_EMAIL" !=''  otherwise addNullFields(payload01."EMPLOYEE NUMBER","Home_Email__c")),
	//Home_Email__c: validateEmail(payload01."HOME_EMAIL") ++ p('workEmailsuffix'),
	LastName: payload01."LASTNAME",
	AccountId: getAccountId((payload01."EMPLOYEE NUMBER" mod 100) as :string {format: ".0"}),
	FirstName: (payload01."FIRSTNAME" when payload01."FIRSTNAME" != '' otherwise addNullFields(payload01."EMPLOYEE NUMBER","FirstName")) ,
	MiddleName: (payload01."MIDDLENAME" when payload01."MIDDLENAME" != '' otherwise addNullFields(payload01."EMPLOYEE NUMBER","MiddleName")),
	Suffix: (payload01."SUFFIX" when payload01."SUFFIX" != '' otherwise addNullFields(payload01."EMPLOYEE NUMBER","Suffix")),
	MailingStreet: (payload01."ADDRESS 1" when payload01."ADDRESS 1" !='' otherwise addNullFields(payload01."EMPLOYEE NUMBER","MailingStreet")),
	MailingCity: (payload01."CITY" when payload01."CITY" != '' otherwise addNullFields(payload01."EMPLOYEE NUMBER","MailingCity")),
	MailingState: (payload01."STATE" when payload01."STATE" !='' otherwise addNullFields(payload01."EMPLOYEE NUMBER","MailingState")),
	MailingPostalCode: (payload01."POSTAL" when payload01."POSTAL" != null otherwise addNullFields(payload01."EMPLOYEE NUMBER","MailingPostalCode")),
	MailingCountry: (payload01."COUNTRY" when payload01."COUNTRY" != null otherwise addNullFields(payload01."EMPLOYEE NUMBER","MailingCountry")),
	Phone: (payload01."WORK_PHONE" when payload01."WORK_PHONE" != '' otherwise addNullFields(payload01."EMPLOYEE NUMBER","Phone")),
	MobilePhone: (payload01."CELL_PHONE" when payload01."CELL_PHONE" != '' otherwise addNullFields(payload01."EMPLOYEE NUMBER","MobilePhone")),
	HomePhone: (payload01."HOME_PHONE" when payload01."HOME_PHONE" != '' otherwise addNullFields(payload01."EMPLOYEE NUMBER","HomePhone")),
	Email: (validateEmail(payload01."WORK_EMAIL",payload01."HOME_EMAIL",p('defaultEmail')) ++ p('workEmailsuffix')),
	//Email: (validateEmail(payload01."WORK_EMAIL") ++ p('workEmailsuffix')),
	Title: (payload01."BUSINESS_TITILE" when payload01."BUSINESS_TITILE" !='' otherwise addNullFields(payload01."EMPLOYEE NUMBER","Title")),
	Department: (payload01."DEPTID_DESCR" when payload01."DEPTID_DESCR" !='' otherwise addNullFields(payload01."EMPLOYEE NUMBER","Department")),
	External_ID__c: payload01."EMPLOYEE NUMBER",
	Related_User__c: getSFDCUserId(payload01."EMPLOYEE NUMBER"),
	Preferred_First_Name__c: (payload01."PREF_FIRSTNAME" when payload01."PREF_FIRSTNAME" != '' otherwise addNullFields(payload01."EMPLOYEE NUMBER","Preferred_First_Name__c")),
	Work_Location_Code__c: (payload01."LOCATION" when payload01."LOCATION" != '' otherwise addNullFields(payload01."EMPLOYEE NUMBER","Work_Location_Code__c")),
	Work_Location__c: (payload01."LOCATION_DESCR" when payload01."LOCATION_DESCR" != '' otherwise  addNullFields(payload01."EMPLOYEE NUMBER","Work_Location__c")),
	Business_Unit_Code__c: (payload01."BUSINESS_UNIT_CD" when payload01."BUSINESS_UNIT_CD" !='' otherwise addNullFields(payload01."EMPLOYEE NUMBER","Business_Unit_Code__c")),
	Business_Unit__c: (payload01."BUSINESS_UNIT_DESCR" when payload01."BUSINESS_UNIT_DESCR" != '' otherwise addNullFields(payload01."EMPLOYEE NUMBER","Business_Unit__c")),
	Department_Code__c: (payload01."DEPTID" when payload01."DEPTID" !='' otherwise addNullFields(payload01."EMPLOYEE NUMBER","Department_Code__c")),
	Paygroup_Code__c: (payload01."PAYGROUP" when payload01."PAYGROUP" !='' otherwise addNullFields(payload01."EMPLOYEE NUMBER","Paygroup_Code__c")),
	Paygroup__c: (payload01."PAYGROUP_DESCR" when payload01."PAYGROUP_DESCR" !='' otherwise addNullFields(payload01."EMPLOYEE NUMBER","Paygroup__c")),
	Segment_1__c: (payload01."SEGMENT_1" when payload01."SEGMENT_1" !='' otherwise addNullFields(payload01."EMPLOYEE NUMBER","Segment_1__c")),
	Segment_2__c: (payload01."SEGMENT_2" when payload01."SEGMENT_2" !='' otherwise addNullFields(payload01."EMPLOYEE NUMBER","Segment_2__c")),
	Acquisition_Code__c: (payload01."ACQR_CO_ID" when payload01."ACQR_CO_ID" != '' otherwise addNullFields(payload01."EMPLOYEE NUMBER","Acquisition_Code__c")),
	Reg_Temp__c: (payload01."REG_TEMP" when payload01."REG_TEMP" != '' otherwise addNullFields(payload01."EMPLOYEE NUMBER","Reg_Temp__c")),
	Full_Part__c: (payload01."FULL_PART_TIME" when payload01."FULL_PART_TIME" != '' otherwise addNullFields(payload01."EMPLOYEE NUMBER","Full_Part__c")),
	Standard_Hours__c: (payload01."STD_HOURS" when payload01."STD_HOURS" != '' otherwise addNullFields(payload01."EMPLOYEE NUMBER","Standard_Hours__c")),
	Union_Code__c: (payload01."UNION_CD" when payload01."UNION_CD" != '' otherwise addNullFields(payload01."EMPLOYEE NUMBER","Union_Code__c")),
	Cost_Center__c: (payload01."ACCT_CD" when payload01."ACCT_CD" != '' otherwise addNullFields(payload01."EMPLOYEE NUMBER","Cost_Center__c")),
	Level__c: (payload01."GRADE" when payload01."GRADE" != '' otherwise addNullFields(payload01."EMPLOYEE NUMBER","Level__c")),
	Original_Hire_Date__c: (parseDate(payload01."ORIG_HIRE_DT") when payload01."ORIG_HIRE_DT" != '' otherwise addNullFields(payload01."EMPLOYEE NUMBER","Original_Hire_Date__c")),
	Last_Hire_Date__c: (parseDate(payload01."REHIRE_DT") when payload01."REHIRE_DT" != '' otherwise addNullFields(payload01."EMPLOYEE NUMBER","Last_Hire_Date__c")),
	Service_Date__c: (parseDate(payload01."SERVICE_DT") when payload01."SERVICE_DT" != '' otherwise addNullFields(payload01."EMPLOYEE NUMBER","Service_Date__c")),
	Termination_Date__c: (parseDate(payload01."TERMINATION_DT") when payload01."TERMINATION_DT" != '' otherwise addNullFields(payload01."EMPLOYEE NUMBER","Termination_Date__c")),
	Job_Code__c: (payload01."JOBCODE" when payload01."JOBCODE" !='' otherwise addNullFields(payload01."EMPLOYEE NUMBER","Job_Code__c")),
	Job__c: (payload01."JOBCODE_DESCR" when payload01."JOBCODE_DESCR" != '' otherwise addNullFields(payload01."EMPLOYEE NUMBER","Job__c")),
	Employment_Status__c: (payload01."EMPL_STATUS" when payload01."EMPL_STATUS" != '' otherwise addNullFields(payload01."EMPLOYEE NUMBER","Employment_Status__c")),
	Region__c: (payload01."REG_REGION" when payload01."REG_REGION" !='' otherwise addNullFields(payload01."EMPLOYEE NUMBER","Region__c")),
	fieldsToNull : getNullFileds(payload01."EMPLOYEE NUMBER")
}) ]]></dw:set-payload>
                    </dw:transform-message>

					<enricher doc:name="Salesforce Upsert Contacts">
						<sfdc:upsert config-ref="Salesforce__Basic_Authentication"
							externalIdFieldName="External_ID__c" type="Contact" doc:name="Salesforce">
							<sfdc:objects ref="#[payload]" />
						</sfdc:upsert>
						<enrich source="#[payload]" target="#[flowVars.upsertResponse]" />
					</enricher>
					<invoke object-ref="PeopleSoftIntgUtils" method="processupdateErrors"
						methodArguments="#[flowVars.upsertResponse],#[payload]" doc:name="Java Method" />


				</batch:commit>
			</batch:step>
		</batch:process-records>
		<batch:on-complete>
			<logger message=":::End::: Of Contact Done" level="INFO"
				doc:name="Logger" />
            <flow-ref name="SendEmailErrors-SubFlow" doc:name="Flow Reference"/>


		</batch:on-complete>
	</batch:job>
	<sub-flow name="SendEmailErrors-SubFlow">
		<invoke object-ref="PeopleSoftIntgUtils" method="getResponse"
			doc:name="Call Java Method Invoke"  />
		<expression-filter expression="#[payload != empty]"
			doc:name="Expression" />
		<dw:transform-message doc:name="Transform Message"
			metadata:id="3e80b135-e241-4ff3-a020-7c6b1a45f328">
			<dw:input-payload doc:sample="sample_data\list_string.dwl"
				mimeType="application/java" />
			<dw:set-payload><![CDATA[%dw 1.0
%output application/csv
---
payload map ((payload01 , indexOfPayload01) -> {
	eID: payload01.eID,
	"EMPLOYEE NUMBER": payload01."EMPLOYEE NUMBER",
	LASTNAME: payload01.LASTNAME,
	FIRSTNAME: payload01.FIRSTNAME,
	MIDDLENAME: payload01.MIDDLENAME,
	PREF_FIRSTNAME: payload01.PREF_FIRSTNAME,
	SUFFIX: payload01.SUFFIX,
	"ADDRESS 1": payload01."ADDRESS 1",
	CITY: payload01.CITY,
	STATE: payload01.STATE,
	POSTAL: payload01.POSTAL,
	COUNTRY: payload01.COUNTRY,
	WORK_EMAIL: payload01.WORK_EMAIL,
	HOME_EMAIL: payload01.HOME_EMAIL,
	WORK_PHONE: payload01.WORK_PHONE,
	HOME_PHONE: payload01.HOME_PHONE,
	CELL_PHONE: payload01.CELL_PHONE,
	BUSINESS_UNIT_CD: payload01.BUSINESS_UNIT_CD,
	BUSINESS_UNIT_DESCR: payload01.BUSINESS_UNIT_DESCR,
	COMPANY: payload01.COMPANY,
	COMPANY_DESCR: payload01.COMPANY_DESCR,
	PAYGROUP: payload01.PAYGROUP,
	PAYGROUP_DESCR: payload01.PAYGROUP_DESCR,
	LOCATION: payload01.LOCATION,
	LOCATION_DESCR: payload01.LOCATION_DESCR,
	DEPTID: payload01.DEPTID,
	DEPTID_DESCR: payload01.DEPTID_DESCR,
	MANAGER_ID: payload01.MANAGER_ID,
	MANAGER_NAME: payload01.MANAGER_NAME,
	JOBCODE: payload01.JOBCODE,
	JOBCODE_DESCR: payload01.JOBCODE_DESCR,
	EMPL_STATUS: payload01.EMPL_STATUS,
	REG_TEMP: payload01.REG_TEMP,
	FULL_PART_TIME: payload01.FULL_PART_TIME,
	STD_HOURS: payload01.STD_HOURS,
	ACCT_CD: payload01.ACCT_CD,
	GRADE: payload01.GRADE,
	UNION_CD: payload01.UNION_CD,
	ORIG_HIRE_DT: payload01.ORIG_HIRE_DT,
	REHIRE_DT: payload01.REHIRE_DT,
	SERVICE_DT: payload01.SERVICE_DT,
	TERMINATION_DT: payload01.TERMINATION_DT,
	BUSINESS_TITILE: payload01.BUSINESS_TITILE,
	SEGMENT_1: payload01.SEGMENT_1,
	SEGMENT_2: payload01.SEGMENT_2,
	ACQR_CO_ID: payload01.ACQR_CO_ID,
	REG_REGION: payload01.REG_REGION,
	isActive: payload01.isActive,
	"ERROR": payload01.ERROR
})]]></dw:set-payload>
		</dw:transform-message>

        <logger message="#[payload]" level="INFO" doc:name="Logger"/>

	    <smtp:outbound-endpoint host="${smtpHost}"
			responseTimeout="10000" doc:name="SMTP" from="${smtpFrom}" subject="${smtpSubject}"
			to="${smtpTo}"  port="${smtpPort}"  />   
	</sub-flow>
</mule>
